{
  "interactionModel": {
    "languageModel": {
      "intents": [
        {
          "name": "AMAZON.CancelIntent",
          "samples": []
        },
        {
          "name": "AMAZON.HelpIntent",
          "samples": []
        },
        {
          "name": "AMAZON.StopIntent",
          "samples": []
        },
        {
          "name": "AMAZON.NavigateHomeIntent",
          "samples": []
        },
        {
          "name": "AMAZON.FallbackIntent",
          "samples": []
        },
        {
          "slots": [],
          "name": "GetTotalCaloriesIntent",
          "samples": [
            "total calories",
            "how many total calories do I have",
            "what\u0027s my total calorie count",
            "get total calories"
          ]
        },
        {
          "slots": [
            {
              "name": "calorieAmount",
              "type": "AMAZON.NUMBER"
            },
            {
              "multipleValues": {
                "enabled": true
              },
              "name": "foodItem",
              "type": "food"
            },
            {
              "name": "quantity",
              "type": "AMAZON.NUMBER"
            },
            {
              "name": "quantityA",
              "type": "AMAZON.NUMBER"
            },
            {
              "multipleValues": {
                "enabled": true
              },
              "name": "foodItemA",
              "type": "food"
            },
            {
              "name": "quantityB",
              "type": "AMAZON.NUMBER"
            },
            {
              "multipleValues": {
                "enabled": true
              },
              "name": "foodItemB",
              "type": "food"
            }
          ],
          "name": "AddCaloriesIntent",
          "samples": [
            "i ate {quantityA} {foodItemA} and {quantityB} {foodItemB} for breakfast",
            "For dinner I had a {foodItem}",
            "I had a {foodItem} for a snack",
            "For lunch I had a {foodItem} and {foodItem}",
            "i had {quantity} ounces of {foodItem} for brunch",
            "i ate {quantity} {foodItem} and {quantity} {foodItem} for breakfast.",
            "i ate {foodItem}",
            "i ate a {foodItem} and {foodItem}",
            "i ate {quantity} of {foodItem}",
            "i ate {quantity} ounces of {foodItem}",
            "I had {calorieAmount} calories",
            "I ate {calorieAmount} calories",
            "please add {calorieAmount} calories",
            "add {calorieAmount}",
            "Add {calorieAmount} calories"
          ]
        },
        {
          "slots": [],
          "name": "StartCalorieTrackingIntent",
          "samples": [
            "start calorie tracking",
            "start my calorie count"
          ]
        },
        {
          "slots": [
            {
              "name": "calorieGoal",
              "type": "AMAZON.NUMBER"
            }
          ],
          "name": "SetDailyCalorieGoalIntent",
          "samples": [
            "I want to consume {calorieGoal} calories today",
            "Set my daily calorie goal to {calorieGoal} calories"
          ]
        },
        {
          "slots": [],
          "name": "GetRemainingCaloriesIntent",
          "samples": [
            "What\u0027s my remaining calorie goal for today",
            "How many calories do I have left"
          ]
        },
        {
          "slots": [
            {
              "name": "calories",
              "type": "AMAZON.NUMBER"
            }
          ],
          "name": "AddCustomCaloriesIntent",
          "samples": [
            "add {calories}"
          ]
        }
      ],
      "types": [
        {
          "values": [
            {
              "name": {
                "value": "eggs"
              }
            },
            {
              "name": {
                "value": "bacon"
              }
            },
            {
              "name": {
                "value": "tuna"
              }
            },
            {
              "name": {
                "value": "Hamburger"
              }
            },
            {
              "name": {
                "value": "French Fries"
              }
            },
            {
              "name": {
                "value": "Banana"
              }
            },
            {
              "name": {
                "value": "Pizza"
              }
            }
          ],
          "name": "food"
        }
      ],
      "invocationName": "macro counter"
    }
  }
}